Age Group,Sex,Sub,Heart Beat 0.8~2.5hz,Heart Beat 0.8~2.5hz from Avg,Peak Hz in 0~0.7hz,Peak Hz in 2.6~10hz,Peak Hz in 21~30hz,Peak Hz in 31~40hz,Peak Hz in 41~50hz,RMS avg,Zero crossing rate avg,Spectral flatness avg,Spectral rolloff avg,Spectral centroid avg,Poly features avg,Spectral bandwidth avg
Age_A,Female,Sub 25,53.54,69.0,0.0,5.5,23.33,31.0,43.67,0.2528,0.027999999999999997,0.0202,3931.6415,3655.5029,0.8441,5149.4551
Age_A,Female,Sub 28,56.82,78.0,0.0,3.12,30.0,40.0,43.25,0.1949,0.0372,0.0211,5369.9529,4887.3982,0.695,6042.2007
Age_A,Female,Sub 32,52.78,78.0,0.0,3.0,24.71,39.5,41.5,0.20600000000000002,0.0275,0.0148,5252.5443,4598.1605,0.6629999999999999,6013.8062
Age_A,Female,Sub 35,53.81,76.0,0.0,4.0,25.0,40.0,50.0,0.2054,0.07200000000000001,0.047,7429.2183,7041.156999999999,1.1817,6818.168000000001
Age_A,Female,Sub 44,69.73,83.0,0.0,5.78,22.4,38.78,45.0,0.244,0.0008,0.0,71.4086,128.8602,0.4138,605.7551
Age_A,Female,Sub 46,55.91,82.0,0.0,6.0,26.0,37.4,46.0,0.2539,0.0013,0.0,72.5249,130.6257,0.4349,600.0443
Age_A,Female,Sub 63,55.67,86.0,0.0,3.0,24.83,32.0,44.0,0.3082,0.0007,0.0,88.37200000000001,129.2003,0.521,561.6759
Age_A,Female,Sub 64,109.22,98.0,0.0,7.0,25.2,36.0,49.6,0.2914,0.0084,0.0,376.3401,386.7218,0.7337,724.3033
Age_A,Female,Sub 66,87.67,102.0,0.0,6.0,24.6,32.14,44.0,0.2322,0.0011,0.0,98.7779,148.9767,0.3962,621.8385
Age_A,Female,Sub 69,51.43,97.0,0.0,3.14,25.0,37.0,41.88,0.261,0.0008,0.0,74.8739,131.4712,0.4435,596.2964
Age_A,Female,Sub 70,79.64,94.0,0.0,10.0,27.67,33.5,44.67,0.2733,0.0006,0.0,45.4834,96.3555,0.4432,541.3982
Age_A,Female,Sub 72,75.44,98.0,0.0,3.0,27.0,37.2,47.67,0.2445,0.0018,0.0,188.3867,222.9419,0.4439,692.9851
Age_A,Female,Sub 73,73.57,86.0,0.0,8.0,22.5,33.83,46.33,0.271,0.0009,0.0,94.6487,142.5579,0.4672,592.6702
Age_A,Female,Sub 74,77.2,92.0,0.0,8.0,25.62,35.0,44.0,0.2859,0.0006,0.0,59.4344,110.5305,0.4744,551.8996
Age_A,Female,Sub 8,56.79,90.0,0.0,8.0,21.8,31.33,45.88,0.2513,0.0501,0.0401,5207.7956,4807.7498,1.2192,5725.9312
Age_A,Female,sub 59,64.5,86.0,0.0,6.0,22.4,32.71,49.0,0.2861,0.0011,0.0,145.0595,181.1484,0.4987,633.5237
Age_A,Male,Sub 36,55.38,75.0,0.0,6.12,23.88,40.0,49.75,0.2299,0.0423,0.0258,6426.0823,5796.0671,0.9369,6385.6767
Age_A,Male,Sub 38,51.82,79.0,0.0,10.0,21.09,40.0,43.0,0.2813,0.0764,0.0676,5556.098000000001,5706.2273,1.9134,5553.6838
Age_A,Male,Sub 42,55.67,71.0,0.0,3.0,26.0,37.0,50.0,0.3111,0.017,0.0138,2613.0217,2380.4616,0.9283,4423.1727
Age_A,Male,Sub 43,73.54,86.0,0.0,9.09,29.67,40.0,43.67,0.3109,0.0597,0.0499,5209.9116,5016.2431,1.6762,5553.5699
Age_A,Male,Sub 45,57.64,79.0,0.0,9.1,26.5,36.0,50.0,0.2565,0.0009,0.0,96.7716,147.998,0.4341,623.3123
Age_A,Male,Sub 65,74.58,84.0,0.0,4.0,25.0,36.0,45.0,0.2999,0.003,0.0,117.0913,160.0789,0.5521,558.7557
Age_A,Male,Sub 67,96.11,98.0,0.0,8.67,29.0,37.0,44.0,0.2655,0.0006,0.0,41.6827,93.9193,0.4337,542.9851
Age_A,Male,Sub 68,95.55,90.0,0.0,4.0,26.0,39.75,46.0,0.2913,0.0009,0.0,90.1939,136.5784,0.5157,569.3799
Age_A,Male,Sub 70,79.64,94.0,0.0,10.0,27.67,33.5,44.67,0.2733,0.0006,0.0,45.4834,96.3555,0.4432,541.3982
Age_A,Male,Sub 73,70.6,84.0,0.0,8.0,22.5,33.83,46.33,0.271,0.0009,0.0,94.6487,142.5579,0.4672,592.6702
Age_A,Male,Sub 74,77.2,92.0,0.0,8.0,25.62,35.0,44.0,0.2859,0.0006,0.0,59.4344,110.5305,0.4744,551.8996
Age_A,Male,Sub 76,55.91,79.0,0.0,7.43,25.0,32.0,42.0,0.2199,0.0009,0.0,87.9137,149.8963,0.3683,648.3034
Age_A,Male,Sub 77,85.33,83.0,0.0,8.17,27.0,39.6,41.0,0.3113,0.0008,0.0,105.3764,139.0521,0.5377,557.5989
Age_B,Female,Sub 21,54.46,83.0,0.0,6.0,30.0,34.38,45.75,0.2195,0.0425,0.0248,6508.9343,5974.1852,0.8806,6485.1432
Age_B,Female,Sub 22,72.29,86.0,0.0,3.0,25.12,40.0,47.44,0.1906,0.0244,0.0104,5342.5278,4564.8693,0.5465,6166.3718
Age_B,Female,Sub 27,49.33,73.0,0.0,7.0,30.0,35.0,41.0,0.19,0.0424,0.0211,6538.1594,5847.1872,0.6881,6555.1387
Age_B,Female,Sub 61,55.0,92.0,0.0,6.0,25.44,36.0,45.0,0.1682,0.0022,0.0,130.4492,198.2794,0.312,731.3211
Age_B,Male,Sub 23,54.5,80.0,0.0,6.0,30.0,36.0,50.0,0.2009,0.0289,0.0161,5303.3936,4649.6131,0.6449,6116.2743
Age_B,Male,Sub 4,54.29,70.0,0.0,3.0,26.12,35.0,48.0,0.2271,0.0221,0.0125,4491.5204,3952.0604,0.6559,5555.7867
Age_C,Female,Sub 1,53.75,81.0,0.0,3.0,24.5,33.57,42.43,0.2035,0.0556,0.0397,6579.2238,5980.8607,1.0353,6496.4923
Age_C,Female,Sub 47,53.5,92.0,0.0,4.0,23.33,39.71,41.5,0.2212,0.0353,0.0225,4739.5686,4232.857,0.8236,4682.7387
Age_C,Female,Sub 60,75.09,91.0,0.0,7.12,23.8,36.0,49.0,0.1649,0.0008,0.0,69.5461,146.5194,0.2711,702.6139999999999
Age_C,Male,Sub 41,80.33,94.0,0.0,3.7,30.0,36.0,41.67,0.1796,0.0345,0.0163,6633.9151,5703.6169,0.5981,6663.8258
Age_C,Male,Sub 66,87.67,102.0,0.0,6.0,24.6,32.14,44.0,0.2322,0.0011,0.0,98.7779,148.9767,0.3962,621.8385
